PCMT,2019,No
PLNA,PCMT,
NONE,0,
Abdullah,4,
Abdul-Quddus,5,
Abernathy,7,
Abiamiri,8,
Abraham,9,
Abrams,11,
Acho,15,
Ackerman,16,
Adams,19,
Adcock,20,
Addai,21,
Addison,23,
Adeyanju,25,
Adibi,26
Adkins,27
Adkisson,28
Afalava,29
Agnew,31
Ah,35
Ahanotu,36
Aiken,38
Aikman,39
Ainge,40
Ajirotutu,41
Akbar,42
Akers,44
Akins,45
Alabi,47
Alama-Francis,48
Albert,50
Albright,52
Aldridge,55
Alecxih,56
Alexander,59
Alexis,60
Alford,61
Ali,62
al-Jabbar,63
Allan,64
Allen,64
Alleman,65
Allison,68
Allotey,70
Allred,71
Alridge,73
Alston,75
Alstott,76
Alualu,79
Amano,85
Amato,86
Amaya,87
Ambrose,89
Amendola,90
Amey,93
Amukamara,96
Amundson,97
Anderle,101
Anders,102
Andersen,103
Anderson,103
Andrew,106
Andrews,107
Andrus,108
Anelli,110
Anger,112
Angerer,113
Angulo,116
Annand,118
Anthony,119
Antrim,120
Anunoby,122
Anzalone,123
Applewhite,126
Araguz,127
Arceneaux,129
Archambeau,130
Archibald,132
Archuleta,133
Arellanes,135
Arenas,137
Arians,140
Arisman,143
Arkin,145
Armour,146
Armstead,147
Armstrong,148
Armstrong Jr,148
Arnaud,149
Arnold,150
Arnoux,151
Aromashodu,153
Arrington,155
Artmore,158
Asamoah,160
Asante,161
Asher,163
Ashmore,165
Asiata,166
Asiodu,167
Askew,168
Asomugha,170
Asper,172
Atchison,175
Atkins,176
Atogwe,179
Atwater,182
Ausberry,186
Austin,187
Autry,188
Avant,189
Avery,190
Avril,191
Awasom,192
Ayanbadejo,194
Ayers,195
Ayers Jr,195
Ayi,196
Ayodele,197
Azumah,198
Baadknews,199
Baas,200
Baber,202
Babers,203
Babin,204
Babineaux,205
Backus,207
Bacon,208
Bademosi,209
Baggs,211
Bailey,212
Bain,213
Bair,215
Bajema,218
Baker,219
Bakhtiari,220
Baldridge,222
Baldwin,223
Ball,226
Ballantyne,227
Ballard,228
Balmer,230
Balogh,231
Balogun,232
Baniewicz,237
Banks,238
Bankston,239
Bannan,240
Bannister,241
Bannon,242
Banta,243
Banta-Cain,244
Baptiste,245
Barber,246
Barbieri,247
Barbre,250
Barclay,251
Barden,252
Barker,253
Barkley,255
Barksdale,256
Barlow,258
Barnard,260
Barnes,261
Barnett,262
Barnhardt,264
Barnidge,266
Barret,269
Barrett,270
Barron,274
Barrow,275
Barry,276
Bartee,278
Bartel,279
Bartell,280
Barth,281
Bartholomew,283
Barton,285
Bartrum,286
Barwin,289
Basanez,290
Bashir,291
Basham,292
Baskett,294
Basnight,295
Bass,297
Bassey,298
Brazill,298
Batch,299
Bates,301
Bates III,301
Batiste,302
Battaglia,303
Batten,304
Battle,305
Battles,306
Baugh,307
Baugher,308
Bauman,309
Baxter,311
Baylark,312
Baylis,313
Bazuin,314
Beach,315
Beachum,316
Beadles,317
Beal,318
Bean,320
Beasley,323
Beasley Jr,323
Beason,324
Beatty,325
Bech,328
Becht,329
Beck,330
Beckett,332
Beckham,333
Beckham Jr,333
Beckum,334
Beckwith,335
Bedell,337
Beede,340
Beekman,341
Beeler,342
Beisel,346
Belcher,348
Bell,350
Bellamy,351
Bellanca,352
Bellisari,353
Bellore,354
Belser,358
Belton,360
Benard,362
Bender,363
Benedict,364
Benford,365
Benjamin,366
Benn,367
Bennett,368
Benoit,370
Benson,371
Bentley,372
Bequette,373
Bergen,376
Bergstrom,380
Beriault,381
Berlin,382
Bernadeau,384
Bernard,385
Bernstine,386
Berrian,387
Berry,388
Berton,389
Bess,391
Best,393
Bethea,395
Bethel,396
Bethel-Thompson,397
Bettis,400
Betts,401
Beuerlein,402
Beverly,403
Biakabutuka,404
Bidwell,404
Bialosuknia,406
Bias,407
Bibla,409
Bickerstaff,412
Biddle,413
Biekert,415
Bienemann,416
Bieniemy,417
Biermann,418
Bierria,419
Bigby,420
Biggers,421
Bilbo,422
Biletnikoff,423
Billingsley,424
Billups,425
Bilukidi,427
Bing,428
Bingham,429
Binn,430
Binns,431
Bird,432
Birdine,433
Birk,434
Birmingham,436
Bironas,437
Bishop,438
Bissinger,440
Bjornson,443
Black,444
Blackburn,445
Blackman,447
Blackmon,447
Blackshear,448
Blackstock,449
Blackwell,450
Blade,451
Blades,452
Blaise,453
Blake,454
Blakley,456
Blalock,457
Blanda,460
Blankenship,461
Blanton,463
Blaylock,466
Bledsoe,469
Blevins,470
Blizzard,473
Bloom,475
Blount,476
Blue,477
Bly,479
Bober,483
Bobo,484
Bock,485
Bodden,486
Bodiford,489
Body,492
Boerigter,493
Bogan,495
Boger,496
Boggs,497
Bogle,498
Boiman,501
Boireau,502
Bojicic,503
Bolden,504
Boldin,504
Bolden Jr,504
Bolen,505
Boley,506
Boling,507
Bollinger,508
Boller,509
Bolston,510
Bomar,512
Bond,513
Bonham,515
Bonner,517
Bono,518
Booker,519
Bookman,520
Boone,521
Booth,522
Boothe,522
Booty,523
Bordano,524
Bordelon,525
Borel,526
Boren,527
Borum,530
Boschetti,531
Boselli,532
Bosher,533
Boss,534
Bostic,535
Boston,537
Bosworth,539
Boulware,542
Bouman,543
Bowden,546
Bowe,547
Bowen,548
Bowens,549
Bowers,550
Bowie,551
Bowman,553
Bowser,554
Boyce,555
Boyd,556
Boyer,557
Boyett,558
Boykin,559
Bozeman,561
Brace,562
Brackenridge,564
Brackens,565
Brackett,566
Brackins,567
Bradfield,569
Bradford,570
Bradham,571
Bradley,572
Bradshaw,573
Brady,574
Bragg,575
Braham,576
Brake,578
Braman,579
Bramlet,580
Branch,581
Brandenburg,583
Brandon,584
Brandstater,585
Brandt,586
Branson,587
Brant,588
Bratzke,592
Braxton,593
Bray,594
Brayton,595
Brazell,596
Brazzell,599
Breaston,600
Brees,604
Brennan,605
Brent,606
Brewer,608
Brewster,609
Bridges,610
Brien,612
Brigance,613
Briggs,614
Bright,615
Brightful,616
Brink,617
Brinker,618
Brinkley,619
Brisby,621
Briscoe,622
Brisiel,623
Brister,624
Britt,625
Britton,626
Brock,629
Brock Sr,629
Brockel,630
Brockermeyer,631
Brockers,632
Brodine,633
Brohm,634
Bromell,635
Bromley,636
Bronson,637
Brooking,638
Brookins,639
Brooks,640
Broughton,642
Broussard,643
Brown,644
Browner,646
Browning,647
Broyles,649
Bruce,650
Bruener,652
Bruggeman,654
Brunell,655
Bruschi,657
Brutley,658
Bruton,659
Bryan,660
Bryant,661
Bryson,662
Brzezinski,664
Bua,665
Bubin,666
Buchanan,668
Buchanon,668
Bucannon,668
Buck,669
Buckey,670
Buckhalter,671
Buckley,672
Buckner,673
Buehler,674
Buenning,675
Buggs,676
Buhl,678
Bulaga,682
Bulger,683
Bullard,684
Bullitt,685
Bullock,686
Bullocks,687
Bulluck,688
Bulman,689
Bundren,691
Bunkley,693
Burbank,694
Burfict,699
Burford,700
Burge,701
Burgess,702
Burgess Jr,702
Burke,703
Burks,704
Burleson,705
Burley,706
Burnett,708
Burney,709
Burns,710
Burr,711
Burress,713
Burris,714
Burrough,715
Burroughs,716
Burt,718
Burton,719
Bush,721
Bushrod,722
Busing,723
Bussey,724
Butkus,725
Butler,726
Butler Jr,726
Butrym,729
Buzbee,731
Byars,733
Byers,734
Byham,735
Bynes,738
Byrd,739
Byrne,740
Byrum,741
Cadet,745
Cadogan,746
Cain,748
Caldwell,749
Calhoun,750
Calico,751
Callaway,753
Calloway,755
Calmelat,756
Calmus,757
Calvin,758
Camarillo,759
Cameron,761
Campbell,762
Campion,764
Canfield,767
Canidate,768
Cannida,771
Cannon,772
Canonico,773
Cantelupe,774
Cantu,775
Cantwell,776
Canty,777
Capel,779
Capers,780
Carder,785
Carey,786
Cargile,787
Carimi,790
Carlisle,791
Carlson,792
Carlyle,793
Carman,794
Carmazzi,795
Carmichael,796
Carmon,797
Carnahan,798
Carney,800
Carpenter,802
Carr,804
Carrier,805
Carriker,806
Carrington,807
Carroll,808
Carson,811
Carstens,812
Carswell,813
Carter,814
Carter Jr,814
Carthon,815
Cartwright,816
Carty,817
Carvalho,819
Cascadden,821
Casey,822
Cash,823
Casillas,825
Cason,826
Casper,827
Cassel,828
Castaneda,829
Castille,830
Castillo,831
Castonzo,832
Cattouse,835
Caulcrick,836
Caussin,838
Caver,839
Cavil,840
Cavka,841
Caylor,842
Cecil,844
Celek,845
Celestin,846
Cesaire,849
Cesario,850
Chamberlain,851
Chamberlin,852
Chambers,853
Chamblin,854
Chancellor,858
Chancey,860
Chandler,861
Chaney,862
Chanoine,863
Chapas,864
Chapman,865
Charles,868
Charleston,869
Charlton,870
Chase,872
Chatham,874
Chatman,875
Chavez,876
Chavous,878
Cheek,880
Chekwa,883
Cherilus,885
Cherry,887
Chester,888
Chiaverini,889
Chick,890
Childress,893
Childs,894
Chillar,896
Chin,897
Chinasa,898
Chism,900
Chmura,902
Chocolatey,903
Choice,904
Chrebet,906
Chris,907
Christian,909
Christie,911
Christy,913
Chryplewicz,914
Chukwuma,915
Chukwurah,916
Chung,917
Church,918
Chustz,919
Cieslak,921
Ciurciu,924
Clabo,925
Clady,926
Claiborne,927
Clancy,928
Clapp,929
Clare,930
Clarett,931
Claridge,932
Clark,933
Clarke,934
Clarke VI,934
Clary,935
Clausen,937
Clauss,938
Claxton,939
Clay,940
Clayborn,941
Claybrooks,942
Clayton,943
Cleeland,945
Clemens,946
Clement,947
Clements,948
Clemons,950
Clifton,952
Cline,953
Clinkscale,954
Clinton,955
Cloherty,957
Cloud,958
Clowney,959
Clutts,960
Coady,962
Coakley,963
Coale,964
Coats,966
Coates Jr,966
Cobb,967
Cobbs,968
Cobbs Jr,968
Cobourne,970
Cochart,971
Cochran,972
Cochrane,972
Cockerham,973
Cody,974
Coe,975
Coffee,977
Coffman,978
Cofield,979
Coghill,980
Cohen,981
Cohens,982
Colbert,984
Colclough,985
Cole,986
Coleman,988
Coles,989
Coley,990
Colinet,991
Colledge,992
Collie,993
Collier,994
Collins,995
Collins Sr,995
Colman,996
Colmer,997
Colombo,998
Colon,999
Colquitt,1000
Colston,1002
Colvin,1003
Combs,1005
Comella,1006
Compas,1009
Compton,1010
Conaty,1014
Condo,1015
Condren,1016
Cone,1017
Conley,1019
Connell,1020
Conner,1021
Connolly,1022
Connor,1023
Conover,1024
Conrad,1025
Conrath,1026
Considine,1027
Conte,1028
Conway,1029
Conwell,1030
Cook,1032
Cooke,1032
Cooley,1035
Cooper,1036
Cooper Sr,1036
Copeland,1037
Coples,1038
Copper,1039
Cordle,1041
Cordova,1042
Corliss,1044
Cornelius,1045
Corner,1047
Corp,1049
Cortez,1050
Corto,1051
Cosby,1055
Costa,1058
Costanzo,1059
Coston,1060
Cota,1061
Cotchery,1062
Cottam,1063
Cotton,1064
Cottrell,1065
Couch,1066
Council,1068
Cousins,1070
Coutu,1071
Covington,1072
Cowan,1073
Cowart,1074
Cox,1075
Crable,1079
Crabtree,1080
Craft,1082
Craig,1083
Cramer,1084
Craver,1086
Crawford,1087
Crayton,1088
Crecion,1089
Creer,1092
Creese,1093
Cribbs,1095
Crick,1096
Criner,1097
Crittenden,1099
Crocker,1101
Crockett,1102
Cromartie,1103
Cromartie-Smith,1104
Crompton,1105
Croom,1107
Crosby,1108
Cross,1109
Crowder,1112
Crowell,1113
Croyle,1115
Crummey,1118
Crumpler,1120
Crutchfield,1122
Cruz,1123
Cudjo,1125
Culberson,1126
Culbreath,1127
Culliver,1129
Culpepper,1130
Culver,1131
Cumberland,1132
Cumbie,1133
Cummings,1134
Cummins,1135
Cundiff,1136
Cunningham,1137
Curley,1140
Curran,1141
Currie,1142
Curry,1142
Curtin,1143
Curtis,1144
Cushing,1145
Cutler,1147
Cutrera,1148
Dach,1152
Dacus,1153
Dada,1154
Dahl,1155
Dailey,1156
Dalman,1159
Dalton,1160
Daluiso,1161
Danahy,1164
Daniel,1167
Daniels,1168
Dansby,1169
Dantzler,1172
Darby,1173
Darche,1174
Darden,1175
Dareus,1177
Darilek,1179
Darius,1180
Darling,1181
Datish,1183
Datko,1184
Davenport,1186
Davey,1187
Blumberg,1188
David,1188
Davie,1190
Davis,1191
Davis Sr,1191
Davison,1192
Dawkins,1193
Dawsey,1195
Dawson,1196
Dawson Jr,1196
Day,1197
Dayne,1198
De,1199
Deaderick,1201
Dean,1203
Dearth,1204
DeCastro,1208
DeChristopher,1210
DeCicco,1211
Decker,1212
DeCoud,1213
Deese,1215
DeGeare,1216
DeGraffenreid,1217
DeGrate,1218
Dekker,1220
Del,1221
Delhomme,1227
Dell,1228
Dellenbach,1229
Delmas,1230
DeLoach,1231
Deloatch,1231
DeLong,1232
DeMar,1234
DeMarco,1235
Demps,1238
DeMulling,1239
Denman,1240
Dennard,1242
Denney,1243
Dennis,1244
Dent,1245
Denton,1246
DeOssie,1248
Dercher,1251
Derr,1253
Detmer,1254
DeVan,1255
Develin,1257
Dever,1258
Devine,1259
Devito,1260
Devlin,1261
Devoe,1262
DeVree,1263
DeVries,1264
Dewalt,1265
Dexter,1266
D-Garrido,1267
Diamond,1269
Dickerson,1272
Dickson,1274
Diedreck,1275
Diehl,1277
Dielman,1278
Diem,1279
Dierdorf,1280
Dietrich-Smith,1281
Diggs,1282
DiGiorgio,1283
Dildine,1284
Dile,1285
Diles,1287
Dilger,1288
Dillard,1289
Dillon,1291
DiMento,1292
D'Imperio,1293
DiNapoli,1294
Dingle,1295
Dinkins,1297
Dishman,1298
Ditka,1299
Divens,1301
Dixon,1302
Dizon,1303
Dobbins,1305
Dobbs,1306
Dobson,1307
Dockery,1308
Dockett,1309
Dodge,1311
Doering,1312
Dogins,1313
Doman,1315
Dombrowski,1316
Dominguez,1317
Donahue,1318
Donaldson,1320
Donnalley,1322
Dorenbos,1329
Dorris,1330
Dorsett,1331
Dorsey,1332
Doss,1334
Dotson,1336
Doucet,1337
Doughty,1338
Douglas,1339
Douzable,1340
Dowling,1342
Downey,1344
Downing,1345
Downs,1346
Draft,1349
Dragos,1350
Dragosavich,1351
Drake,1352
Drakeford,1353
Draper,1355
Draughn,1356
Dray,1357
Drayton,1358
Dreessen,1359
Dreisbach,1360
Drescher,1361
Drew,1362
Driver,1364
Droege,1365
Dronett,1366
Droughns,1367
Druckenmiller,1369
Drummond,1370
Ducasse,1374
Duckett,1375
Duckworth,1376
Dudley,1378
Duff,1380
Dugan,1383
Dugans,1384
Dukes,1387
Dumas,1388
Dumervil,1389
Dunbar,1391
Duncan,1392
Dunlap,1394
Dunn,1395
Dunsmore,1396
Durand,1401
Durant,1402
Durham,1404
Dutka,1405
Dvoracek,1406
Dwight,1407
Dwyer,1408
Dyer,1409
Dykes,1410
Dyson,1413
Eachus,1414
Eakin,1415
Ealy,1416
Earl,1417
Easley,1419
Easlick,1420
Eason,1421
Easy,1425
Eaton,1427
Ebert,1429
Ebner,1430
Eby,1432
Echols,1434
Eckel,1435
Ecker,1436
Economos,1437
Eddins,1440
Edds,1441
Edelman,1442
Edison,1444
Edmonds,1445
Edmunds,1445
Edwards,1446
Edwards Jr,1446
Egboh,1450
Egnew,1454
Ekejiuba,1456
Ekuban,1457
Ekwerekwu,1458
Elam,1459
Eldridge,1460
Elgin,1461
Elias,1463
Elimimian,1464
Ellerbe,1466
Ellerbee,1466
Elling,1467
Ellingson,1468
Ellington,1469
Elliott,1471
Ellis,1472
Elliss,1472
Ellison,1473
Ellsworth,1474
Elmore,1475
Eloms,1476
Elway,1477
Emanuel,1479
Ena,1483
Enderle,1484
Engelberger,1485
Engler,1486
English,1487
Engram,1488
Enis,1489
Enzor,1490
Ephraim,1492
Epps,1494
Epstein,1495
Erbach,1497
Erickson,1499
Ernster,1501
Esponda,1505
Esposito,1506
Espy,1507
Essex,1508
Estandia,1509
Estes,1510
Eubanks,1512
Eugene,1513
Euhus,1514
Evans,1516
Everett,1518
Everitt,1518
Ewing,1519
Ezekiel,1520
Fabini,1521
Faggins,1523
Faine,1524
Fair,1525
Fairley,1528
Fanaika,1532
Faneca,1534
Fanene,1535
Fangupo,1536
Fannin,1537
Fantuz,1539
Fargas,1540
Farmer,1542
Farquhar,1543
Farr,1544
Farrior,1545
Farris,1546
Farwell,1548
Fasani,1549
Fasano,1550
Fassitt,1552
Fatafehi,1553
Faulk,1554
Favorite,1556
Favors,1557
Favre,1558
Fayson,1559
Fazande,1560
Feagles,1562
Federkeil,1566
Feeley,1568
Feely,1569
Fe'esago,1570
Feinga,1573
Felder,1574
Felix,1576
Fells,1577
Felton,1578
Fenderson,1580
Fenelus,1581
Ferguson,1584
Ferrara,1586
Ferrario,1587
Ferwerda,1589
Fiala,1590
Fiammetta,1591
Fiedler,1592
Fields,1593
Fife,1594
Fifita,1595
Figurs,1597
Filani,1598
Filipovic,1600
Fina,1601
Fincher,1603
Fine,1604
Finley,1606
Finnegan,1607
Finneran,1609
Finnerty,1610
Fiore,1611
Fischer,1613
Fisher,1613
Fisk,1615
Fitch,1616
Fitzgerald,1619
Fitzpatrick,1620
Fitzsimmons,1621
Flacco,1622
Fladell,1623
Flanagan,1624
Flanigan,1624
Flannery,1625
Fleck,1626
Fleener,1627
Fleming,1628
Flemister,1629
Flemons,1631
Fletcher,1633
Flinn,1635
Florence,1636
Flowers,1637
Floyd,1638
Fluellen,1640
Flugence,1641
Flutie,1642
Flynn,1643
Fokou,1645
Folau,1646
Foles,1647
Foley,1648
Folk,1649
Follett,1650
Folsom,1651
Folston,1652
Fonoti,1653
Fontenot,1655
Foote,1660
Forbath,1661
Forbes,1662
Ford,1663
Fordham,1664
Foreman,1666
Forney,1667
Forrest,1668
Forsett,1669
Forsey,1670
Forston,1672
Fort,1673
Forte,1674
Fortin,1675
Foschi,1677
Foster,1678
Fountain,1679
Fowler,1681
Fowler Jr,1681
Fowler III,1681
Fox,1683
Foxworth,1684
Fraley,1685
Frampton,1687
France,1688
Francies,1689
Francis,1690
Francisco,1691
Francois,1692
Frank,1693
Franklin,1694
Franks,1695
Franz,1696
Fraser,1697
Frazier,1699
Frederick,1700
Fredrickson,1701
Free,1702
Freeman,1703
Freeney,1704
Freeny,1705
Freitas,1707
French,1708
Frerotte,1709
Frey,1710
Fricke,1711
Friedman,1712
Friesz,1713
Frisch,1715
Frome,1717
Frost,1718
Fry,1720
Frye,1720
Fryar,1721
Fua,1723
Fuamatu-Ma',1724
Fuata,1725
Fudge,1726
Fugger,1727
Fujita,1729
Fulcher,1730
Fuller,1731
Fuller V,1731
Fulton,1732
Furio,1734
Furrey,1737
Fusco,1738
Gabbert,1740
Gabriel,1742
Gachkar,1743
Gaddis,1744
Gado,1746
Gadsden,1747
Gaffney,1749
Gafford,1750
Gage,1751
Gaines,1753
Gaiter,1754
Gaither,1755
Gaitor,1756
Gales,1759
Galette,1760
Galippo,1761
Gallarda,1763
Gallery,1765
Galloway,1769
Galyon,1772
Gamble,1773
Gammon,1775
Ganaway,1776
Gandy,1777
Gannon,1778
Gano,1779
Gant,1780
Ganther,1781
Garay,1783
Garcia,1784
Garcon,1785
Gardener,1786
Gardner,1787
Gardocki,1788
Garmon,1790
Garner,1791
Garnes,1792
Garrard,1795
Garrett,1796
Garvin,1798
Gary,1799
Garza,1800
Gash,1801
Gasperson,1804
Gaston,1805
Gates,1806
Gatewood,1807
Gatson,1809
Gattis,1811
Gavadza,1814
Gay,1815
Gaylor,1817
Gbaja-Biamila,1819
Geathers,1822
Gedney,1823
Geer,1825
Geisinger,1827
Genus,1832
George,1833
Gerard,1834
Gerberry,1835
Gerhart,1836
German,1837
Germany,1838
Gesser,1840
Gessner,1841
Gettis,1842
Ghee,1843
Ghent,1844
Ghiaciuc,1845
Gholston,1846
Giacomini,1847
Gibson,1850
Gideon,1851
Giffels,1852
Giguere,1854
Gilberry,1855
Gilbert,1856
Gilchrist,1857
Gildon,1858
Gilliam,1863
Gilmore,1867
Gilreath,1868
Gilyard,1869
Ginn,1870
Ginn Jr,1870
Giordano,1871
Gipson,1872
Girault,1873
Givan,1876
Givens,1877
Gizzi,1878
Gleason,1885
Glenn,1887
Glover,1892
Glymph,1893
Gocong,1894
Goda,1895
Goddard,1896
Godfrey,1897
Goethel,1898
Goff,1899
Gogan,1900
Goings,1901
Godwin,1902
Gold,1903
Goldberg,1904
Golden,1905
Goldsberry,1906
Goldson,1907
Golliday,1909
Golston,1911
GoLucky,1912
Gomes,1913
Gonzalez,1914
Gooch,1915
Goode,1918
Gooden,1920
Goodman,1921
Goodrich,1922
Goodson,1923
Goodspeed,1924
Goodwell,1925
Goodwin,1926
Gordon,1928
Gordon III,1928
Gordy,1931
Gore,1932
Gorin,1933
Gorrer,1934
Goss,1936
Gostkowski,1937
Gould,1940
Gourlay,1941
Gouveia,1942
Gowin,1944
Gradkowski,1946
Gragg,1948
Graham,1949
Gramatica,1950
Grant,1956
Granville,1957
Grasmanis,1958
Graves,1959
Gray,1960
Graziani,1963
Grbac,1964
Greco,1965
Green,1966
Greene,1966
Greene Sr,1966
Green-Ellis,1967
Greenway,1970
Greenwood,1971
Greer,1972
Gregg,1973
Gregory,1974
Greisen,1975
Grennan,1977
Gresham,1978
Griese,1981
Griffen,1983
Griffin,1983
Griffin III,1983
Griffith,1984
Griggs,1985
Grigsby,1986
Grimes,1988
Grimm,1989
Gritton,1992
Groce,1993
Gronkowski,1994
Groom,1995
Gross,1996
Grossman,1997
Grove,1999
Groves,2000
Grubbs,2002
Gruber,2003
Gruder,2004
Grunhard,2006
Gruttadauria,2007
Guenther,2008
Guerrero,2010
Guidugli,2012
Guion,2015
Gunheim,2019
Gunn,2020
Gurley,2024
Gurley II,2024
Gurode,2025
Gutierrez,2028
Guy,2029
Guyton,2030
Guzman,2031
Haayer,2033
Hackett,2034
Hackney,2035
Haddad,2036
Haden,2037
Hadnot,2039
Hagan,2041
Hagans,2042
Hagg,2045
Haggan,2046
Haggans,2047
Lawton,2047
Haggerty,2048
Hagler,2050
Hairston,2054
Hakim,2055
Halapin,2056
Hale,2057
Hales,2058
Haley,2059
Hali,2060
Hall,2061
Hallen,2062
Hallock,2064
Halterman,2065
Ham,2066
Hambrick,2067
Hamdan,2068
Hamilton,2070
Hamiter,2072
Hamler,2073
Hamlin,2074
Hamner,2077
Hampton,2079
Hand,2080
Hangartner,2082
Hanie,2083
Hankerson,2084
Hankins,2085
Hanks,2086
Hankton,2087
Hanna,2088
Hannah,2089
Hannam,2090
Hannon,2091
Hanoian,2092
Hansen,2094
Hanson,2096
Hanspard,2097
Hape,2098
Haralson,2099
Harbaugh,2100
Harbor,2101
Harden,2103
Hardesty,2104
Hardin,2105
Hardman,2106
Hardrick,2108
Hardwick,2109
Hardy,2110
Harewood,2111
Hargrove,2112
Harline,2113
Harmon,2115
Harnish,2116
Harper,2117
Harrell,2118
Harrington,2119
Harriott,2120
Harris,2121
Harris Jr,2121
Harrison,2122
Harrison Sr,2122
Hart,2124
Hartings,2126
Hartley,2127
Hartline,2128
Hartman,2129
Hartmann,2130
Harts,2131
Hartsell,2132
Hartsock,2134
Hartwell,2135
Hartwig,2136
Harvey,2138
Harvin,2140
Haskins,2143
Haslam,2144
Hass,2145
Hasselbach,2146
Hasselbeck,2147
Hastings,2148
Hasty,2149
Hatch,2150
Hatcher,2151
Hatchette,2152
Hauschka,2154
Havili,2156
Havner,2157
Hawk,2159
Hawkins,2161
Hawley,2162
Hawthorne,2163
Hayden,2164
Haye,2166
Hayes,2167
Haynes,2168
Haynesworth,2169
Haynos,2170
Hayward,2171
Hayward Jr,2171
Haywood,2172
Hazelton,2173
Heap,2178
Heard,2180
Hearst,2181
Heath,2182
Hebert,2183
Heck,2184
Heckendorf,2185
Hedgecock,2186
Hefney,2191
Hegamin,2192
Heiden,2193
Heimburger,2194
Heinrich,2196
Heitmann,2198
Hekker,2200
Heller,2201
Hellestrae,2202
Helu,2204
Hemingway,2205
Hemsley,2206
Henderson,2207
Hendricks,2208
Henery,2210
Henne,2211
Hennings,2212
Henry,2214
Henson,2216
Hentrich,2217
Heppner,2220
Hernandez,2222
Herndon,2223
Herndon IV,2223
Herold,2224
Herrell,2225
Herremans,2226
Herrera,2227
Herring,2228
Herrion,2229
Herron,2230
Herzlich,2231
Hester,2233
Hetherington,2234
Heupel,2235
Hewitt,2236
Heyer,2237
Heyman,2238
Heyward,2239
Heyward-Bey,2240
Hickman,2243
Hickok,2244
Hicks,2245
Higgins,2247
Highsmith,2249
Hightower,2250
Hilbert,2251
Hilgenberg,2252
Hill,2253
Hillenmeyer,2254
Hilliard,2256
Hillis,2257
Hillman,2258
Hills,2259
Hilton,2261
Hines,2264
Hinton,2265
Hitchcock,2269
Hix,2270
Hixon,2271
Hoag,2272
Hoard,2273
Hobbs,2274
Hobert,2276
Hobgood-Chittick,2277
Hobson,2278
Hochstein,2279
Hodel,2281
Hodgdon,2282
Hodge,2283
Hodges,2284
Hoese,2285
Hoffman,2286
Hoffmann,2286
Hofmann,2286
Hoffman-Ellis,2287
Hogan,2288
Hogans,2289
Hoge,2290
Hogue,2291
Hoke,2293
Holcomb,2294
Holcombe,2295
Holdman,2298
Holecek,2299
Holland,2300
Hollenbach,2301
Hollenbeck,2302
Holley,2303
Holliday,2304
Hollier,2305
Hollings,2308
Hollis,2309
Holloway,2311
Hollowell,2312
Holly,2313
Holman,2314
Holmberg,2315
Holmes,2316
Holsey,2317
Holt,2318
Homan,2320
Hood,2324
Hoomanawanui,2326
Hoover,2327
Hope,2328
Hopkins,2329
Hopson,2331
Horan,2332
Horn,2333
Horne,2334
Horton,2336
Hosley,2338
Houghton,2342
House,2343
Houser,2344
Houshmandzadeh,2345
Housler,2346
Houston,2347
Hovan,2348
Howard,2349
Howell,2351
Howey,2352
Howry,2353
Hoyer,2356
Hoyte,2358
Huang,2359
Huard,2360
Hubbard,2361
Huber,2362
Huckeba,2364
Hudson,2365
Huff,2366
Huggins,2367
Hughes,2368
Hughes III,2368
Hull,2372
Hulsey,2373
Humber,2374
Humes,2375
Humpal,2376
Humphrey,2377
Hundon,2378
Hunt,2379
Hunter,2380
Hunter Jr,2380
Huntington,2381
Huntley,2382
Hurd,2383
Hurt,2388
Husak,2390
Husted,2392
Huston,2393
Hutchins,2394
Hutchinson,2395
Hutson,2396
Hutton,2398
Huyck,2400
Hybl,2401
Hyder,2402
Hyder Jr,2402
Hymes,2404
Hynoski,2405
Idonije,2406
Iglesias,2408
Igwenagu,2409
Ihedigbo,2410
Ihenacho,2411
Ijalana,2413
Ikegwuonu,2414
Ilaoa,2415
Iloka,2416
Incognito,2418
Ingersoll,2419
Ingram,2423
Ingram II,2423
Ingram III,2423
Insley,2425
Inzer,2426
Ioane,2427
Iorio,2428
Irons,2430
Irvin,2431
Irving,2432
Irwin,2433
Isaia,2435
Isdaner,2436
Ishmael,2437
Ismail,2437
Israel,2439
Issac,2440
Ittersagen,2441
Iupati,2442
Ivey,2444
Ivory,2445
Ivy,2446
Iwebema,2447
Iwuchukwu,2448
Iwuh,2449
Iwuoma,2450
Izzo,2451
Jacke,2452
Jackson,2454
Jacobs,2455
Jacoby,2456
Jacquet,2457
Jaeger,2458
James,2459
Jameson,2460
Jamison,2461
Jammer,2462
Janikowski,2463
Jansen,2464
Janus,2466
Jarmon,2469
Jarrett,2470
Jasper,2473
Jean,2476
Jean Francois,2476
Jean-Baptiste,2477
Jean-Gilles,2478
Jeanpierre,2480
Jeanty,2481
Jeffers,2483
Jefferson,2484
Jeffery,2485
Jeffries,2486
Jells,2488
Jenkins,2489
Jennings,2490
Jensen,2491
Jerman,2492
Jernigan,2493
Jerod-Eddie,2494
Jerry,2495
Jervey,2496
Jett,2498
Jimenez,2499
Jimoh,2501
Joeckel,2503
Johnson,2506
Johnson Jr,2506
Johnson III,2506
Johnston,2508
Johnstone,2509
Jolly,2511
Jones,2512
Jones Jr,2512
Jones IV,2512
Jones II,2512
Jones-Drew,2513
Jordan,2515
Joseph,2517
Josiah,2519
Jowers,2520
Joyce,2521
Joyner,2522
Judie,2524
Jue,2525
June,2526
Jurevicius,2528
Jurovich,2530
Justice,2531
Justin,2532
Kacyvenski,2534
Kaczur,2535
Kaddu,2536
Kadela,2537
Kaeding,2538
Kaepernick,2539
Kaesviharn,2540
Kafka,2541
Kahler,2543
Kaiser,2544
Kalil,2545
Kalu,2546
Kampman,2547
Kanell,2550
Kapinos,2552
Karim,2554
Karney,2555
Kasay,2557
Kashama,2559
Kasper,2560
Kassell,2561
Katula,2564
Katzenmoyer,2565
Kaufman,2566
Kearse,2567
Keasey,2568
Keathley,2569
Keaton,2570
Keenum,2571
Keglar,2572
Kehl,2573
Keiaho,2574
Keisel,2576
Keiser,2577
Kizer,2577
Kiser,2577
Keith,2578
Kelce,2579
Kelemete,2581
Keller,2582
Kelley,2584
Kelly,2584
Kelly Jr,2584
Kelsay,2585
Keltner,2587
Kemoeatu,2588
Kempfert,2589
Kendall,2590
Kendricks,2592
Keneley,2593
Kennedy,2594
Kennison,2597
Kent,2600
Keo,2601
Kerley,2603
Kern,2604
Kerney,2605
Kerrigan,2608
Kershaw,2609
Kettani,2611
Keur,2612
Key,2613
Keyek,2614
Keys,2616
Kidd,2618
Kieft,2619
Kiel,2620
Kiernan,2621
Kight,2622
Kilgore,2623
Kilian,2625
Killings,2627
Kilmer,2628
Kimrin,2632
Kincade,2634
Kinchen,2635
Kinder,2636
Kindle,2637
King,2639
Kingsbury,2640
Kinne,2643
Kinney,2644
Kirby,2646
Kircus,2647
Kirkendoll,2649
Kirk-Hughes,2650
Kirkland,2651
Kirkpatrick,2652
Kirlew,2653
Kirschke,2654
Kirtman,2655
Kiselak,2657
Kitchen,2660
Kitchings,2662
Kitna,2663
Kittner,2664
Kiwanuka,2665
Klecko,2668
Klein,2669
Kleinsasser,2670
Klemm,2671
Klopfenstein,2675
Klug,2676
Kluwe,2677
Knight,2678
Knighton,2679
Knorr,2680
Knox,2682
Koch,2684
Kocher,2685
Koenen,2687
Koets,2688
Kolb,2692
Kolodziej,2693
Komar,2694
Konrad,2695
Konz,2696
Kooistra,2697
Koonce,2698
Kopa,2700
Kopp,2701
Koppen,2702
Kosier,2705
Kostrewa,2707
Koutouvides,2708
Kowalewski,2709
Kozlowski,2709
Kowalkowski,2710
Kowalski,2711
Kracalik,2713
Kranchick,2715
Kratus,2716
Krause,2717
Kreider,2720
Krenzel,2721
Kreutz,2722
Kriewaldt,2723
Kristick,2724
Kropog,2726
Kroul,2727
Kruger,2728
Kuale,2730
Kuberski,2731
Kubiak,2732
Kubik,2733
Kuechly,2734
Kuehl,2735
Kuhn,2738
Kunalic,2741
Kuper,2742
Kurpeikis,2743
Kustok,2745
Kyle,2746
Labinjo,2747
LaBounty,2749
LaBoy,2750
LaCasse,2752
Lacey,2753
Lacy,2753
Lachey,2754
Lacina,2755
Ladouceur,2756
LaDouceur,2756
LaFell,2758
LaFleur,2759
Lake,2763
Lamar,2764
Lambert,2766
LaMontagne,2767
Landeta,2770
Landolt,2772
Landri,2773
Landrom,2774
Landry,2775
Lane,2776
Lang,2777
Langford,2780
Langham,2781
Langley,2783
Lankster,2785
Lanovoi,2786
Lansanah,2787
Largent,2790
LaRocque,2792
Larrimore,2793
Larsen,2794
Larson,2794
Lassiter,2799
Latimer,2801
Latsko,2802
Lattimore,2804
Laurinaitis,2808
Laury,2809
Lauvao,2810
Lavalais,2811
Law,2814
Lawrence,2817
Lawrie,2818
Laws,2819
Lawson,2820
Lay,2822
Layman,2824
Layne,2825
Layow,2826
Leach,2829
Leak,2831
Leake,2831
Leary,2833
Leaverton,2834
Leber,2835
LeBlanc,2836
Lechler,2838
Leckey,2839
Ledford,2841
Ledyard,2842
Lee,2843
Lee-Steere,2845
Leeuwenburg,2846
Lefeged,2847
LeFevour,2848
LeFors,2849
Lefotu,2850
Leftwich,2851
Leggett,2854
LeGree,2855
Legursky,2856
Lehan,2857
Lehman,2858
Lehr,2859
Leinart,2862
Leisle,2863
LeJeune,2864
Lekkerkerker,2865
Lelie,2866
Leman,2867
Lemon,2868
Lemonier,2869
Lenon,2871
Lentz,2872
Leonard,2874
Leonhard,2876
Lepsis,2880
LeRibeus,2881
Leroy,2882
Leshoure,2883
Lesnar,2885
Lester,2886
LeSueur,2887
Lett,2888
Levcik,2889
Levels,2890
Levens,2891
Leverette,2892
Levine,2893
Levine Sr,2893
Levingston,2894
Levitre,2895
LeVoir,2896
Levy,2897
Lewis,2899
Lewis Jr,2899
Leyva,2901
Lichtensteiger,2903
Light,2905
Lilja,2907
Lincoln,2910
Lindell,2911
Lindholm,2913
Lindley,2914
Lindsay,2915
Lindsey,2915
Lindstrom,2917
Linkenbach,2918
Linnenkohl,2919
Linthicum,2920
Linton,2921
Lissemore,2928
Little,2930
Liuget,2932
Livas,2933
Livings,2935
Lloyd,2937
Loadholt,2939
Loane,2940
Locke,2941
Locker,2942
Lockett,2943
Lockette,2944
Lockhart,2945
Locklear,2946
Lockley,2947
Lodish,2949
Loeffler,2950
Lofton,2952
Logan,2953
Loiseau,2955
LOLB,2956
London,2960
Long,2961
Longwell,2964
Lonie,2965
Looker,2966
Looman,2967
Looney,2968
Loper,2969
Lopez,2970
Lopienski,2971
Lorello,2973
Lorenzen,2974
Lorig,2975
Losman,2977
Lott,2979
Loud,2980
Lougheed,2981
Louis,2982
Love,2984
Lovell,2985
Loverne,2986
Loville,2988
Lowber,2989
Lowe,2990
Lowery,2991
Lowry,2992
Loyd,2993
Lucas,2996
Lucier,2998
Luck,2999
Lucky,3000
Luigs,3003
Luke,3004
Lumpkin,3006
Lusk,3008
Lutrus,3010
Lutui,3011
Luzar,3012
Lyght,3014
Lyle,3015
Lyman,3016
Lynch,3017
Lynn,3018
Lyon,3019
Lyons,3020
Lytle,3021
Mabry,3022
Mace,3023
Machado,3024
Mack,3025
MacKenzie,3026
Mackey,3027
Macklin,3028
Maclin,3030
Macpherson,3032
Maddox,3033
Madise,3034
Madison,3035
Madsen,3037
Madu,3038
Maehl,3040
Maese,3041
Magee,3044
Mahaffey,3047
Mahan,3048
Mahdavi,3049
Mahe,3050
Mahelona,3051
Maiava,3054
Makovicka,3057
Malast,3058
Malecki,3059
Mallard,3060
Mallett,3062
Malone,3065
Mamula,3067
Manderino,3068
Maneri,3069
Mangold,3072
Mangum,3074
Mankins,3075
Manley,3076
Mann,3077
Mannelly,3078
Manning,3079
Manningham,3080
Manuel,3082
Manumaleuna,3083
Manupuna,3084
Manusky,3085
Manuwai,3086
Maragos,3089
Marciano,3093
Mare,3096
Marecic,3097
Mariani,3099
Marino,3100
Marion,3101
Markham,3105
Marks,3106
Marler,3108
Maroney,3109
Marriott,3112
Marrow,3113
Marsh,3115
Marshall,3116
Marten,3119
Martin,3121
Martin Jr,3121
Martinek,3122
Martinez,3123
Marts,3124
Maryland,3126
Maslowski,3129
Mason,3130
Massaquoi,3133
Massey,3135
Massie,3136
Masthay,3137
Mastrud,3138
Mathews,3142
Mathis,3143
Matthews,3145
Mattison,3147
Maualuga,3152
Mauck,3153
Mauga,3154
Mauia,3155
Mawae,3157
Maxey,3158
Maxwell,3161
Mayberry,3163
Maybin,3164
Mayer,3167
Mayes,3168
Mayle,3169
Maynard,3170
Mayo,3172
Mays,3173
Maze,3174
McAddley,3177
McAdoo,3178
McAfee,3179
McAlister,3180
McAllister,3180
McBath,3181
McBean,3182
McBriar,3183
McBride,3184
McBride III,3184
McBurrows,3185
McCadam,3187
McCaffrey,3189
McCain,3190
McCann,3194
McCants,3195
McCardell,3196
McCareins,3197
McCargo,3198
McCarthy,3200
McCauley,3202
McChesney,3204
McClain,3205
McClellan,3209
McClellin,3210
McClendon,3211
McCleon,3212
McCleskey,3213
McCloud,3214
McClover,3215
McClung,3216
McClure,3217
McCluster,3218
McCollum,3219
McCoo,3221
McCord,3222
McCourty,3226
McCown,3227
McCoy,3228
McCrary,3229
McCray,3230
McCray II,3230
McRae,3230
McCree,3231
McCullough,3235
McCullum,3236
McCune,3238
McCutcheon,3241
McDaniel,3242
McDaniels,3243
McDonald,3244
McDonald Jr,3244
McDonnell,3245
McDougal,3246
McDougle,3247
McDuffie,3249
McElmurry,3252
McElrath,3253
McElroy,3254
McFadden,3256
McFarland,3257
McFoy,3258
McGahee,3260
McGarigle,3261
McGarity,3262
McGarrahan,3263
McGee,3266
McGill,3268
McGill II,3268
McGinest,3269
McGlockton,3270
McGlynn,3271
McGowan,3273
McGrath,3274
McGraw,3275
McGriff,3276
McHugh,3278
McIlwain,3279
McIntosh,3280
McIntyre,3281
McIver,3282
McKee,3283
McKelvin,3284
McKenzie,3285
McKie,3286
McKillop,3287
McKinley,3288
McKinney,3289
McKinnie,3290
McKinnon,3291
McKnight,3292
McLaughlin,3295
McLendon,3298
McLeod,3299
McLeod Jr,3299
McMahan,3300
McMahon,3301
McManis,3302
McManus,3303
McMichael,3304
McMillan,3305
McMillian,3305
McMillon,3306
McMullen,3307
McNabb,3308
McNair,3309
McNeal,3311
McNeil,3312
McNeill,3312
McNown,3314
McNutt,3316
McPhearson,3318
McPhee,3319
McPherson,3320
McQuaide,3321
McQuarters,3322
McQuistan,3324
McRath,3326
McSurdy,3328
McTyer,3330
McWilliams,3332
Meachem,3333
Meadows,3335
Mealey,3336
Means,3337
Meatoga,3338
Mebane,3339
Mecklenburg,3340
Medlin,3341
Medlock,3342
Meers,3343
Meester,3344
Meggett,3345
Megna,3346
Mehlhaff,3348
Meier,3349
Melton,3354
Mendenhall,3355
Mendoza,3356
Menkin,3357
Menzie,3358
Merandi,3359
Mercilus,3362
Meredith,3363
Meriweather,3366
Merling,3367
Merriam,3368
Merriman,3371
Merritt,3372
Merz,3374
Mesko,3375
Metcalf,3376
Metropulos,3378
Mickell,3384
Mickens,3385
Middlebrooks,3387
Middleton,3388
Mihlhauser,3390
Mikell,3392
Milanovich,3393
Milburn,3394
Miles,3395
Mili,3397
Miller,3398
Miller III,3398
Milliner,3399
Milloy,3402
Mills,3403
Milne,3405
Milner,3406
Milstead,3408
Mims,3410
Mincey,3411
Mincy,3412
Mines,3413
Minnich,3417
Minnifield,3418
Minnis,3419
Minor,3420
Minter,3421
Miranda,3424
Miree,3425
Mirer,3426
Misi,3427
Missouri,3428
Mitchell,3430
Mitchell Jr,3430
Mitrione,3431
Mix,3432
Mixon,3433
Moala,3437
Moats,3438
Mobley,3439
Moch,3440
Moeaki,3441
Moffitt,3442
Mohamed,3443
Mohr,3444
Molden,3446
Molinaro,3449
Molk,3450
Moll,3451
Mondek,3454
Monds,3456
Money,3457
Monk,3458
Monroe,3459
Montana,3461
Montgomery,3462
Monty,3464
Moody,3465
Moon,3466
Moore II,3467
Moore,3468
Moorehead,3469
Moorman,3471
Morales,3472
Moran,3473
Morant,3474
Moreland,3475
Morency,3476
Moreno,3477
Morey,3478
Morgan,3479
Morgan II,3479
Morley,3480
Mormino,3481
Moronkola,3482
Morrah,3483
Morris,3484
Morrison,3485
Morrow,3486
Morse,3487
Morstead,3488
Morton,3489
Moses,3493
Mosley,3494
Moss,3495
Moten,3496
Moulds,3500
Moulton,3501
Mouton,3504
Mruczkowski,3506
Muckelroy,3509
Mughelli,3511
Muhammad,3512
Muhlbach,3513
Muir,3514
Muldrow,3515
Mulitalo,3516
Mulligan,3517
Mundy,3523
Mungro,3524
Munnerlyn,3525
Murdock,3528
Murphy,3530
Murray,3531
Murrell,3532
Murtha,3533
Mustard,3539
Myers,3540
Myles,3541
Myslinski,3542
Naanee,3543
Nading,3544
Naeole,3545
Nagy,3547
Nails,3548
Nakamura,3549
Nalbone,3550
Nalen,3551
Nall,3552
Nance,3554
Nande,3555
Nash,3557
Natkin,3558
Nattiel,3559
Navarre,3560
Ndukwe,3562
Neal,3563
Neblett,3564
Nece,3565
Nedney,3566
Neil,3567
Neild,3568
Neill,3569
Nelms,3570
Nelson,3571
Nelson Jr,3571
Nerys,3573
Nesbit,3574
Nesbitt,3575
Ness,3576
Neufeld,3577
Neujahr,3578
Nevis,3583
Newberry,3584
Newcombe,3585
Newell,3587
Newhouse,3588
Newkirk,3589
Newman,3590
Newsome,3591
Newson,3592
Newton,3593
Ngata,3595
Nguyen,3596
Nicholas,3599
Nicholson,3600
Nickerson,3602
Nickey,3603
Nicks,3604
Nielsen,3606
Nienhuis,3608
Niklos,3610
Nimmo,3612
Ninkovich,3613
Nissley,3615
Niswanger,3616
Nitschke,3617
Nix,3618
Nixon,3619
Nkang,3620
Nkwenti,3621
Nnabuife,3622
Noble,3623
Noel,3625
Nolan,3626
Nordin,3629
Norman,3630
Norris,3632
Northcutt,3633
Northern,3635
Northrup,3636
Nortman,3637
Norton,3638
Norwood,3640
Novak,3642
Nsekhe,3644
Nua,3645
Nugent,3646
Null,3647
Nutten,3651
Nwagbuo,3652
Nwaneri,3653
Nwokorie,3654
Nzegwu,3655
Oakley,3656
Oben,3657
Obi,3659
Obiozor,3660
Obomanu,3661
O'Brien,3662
O'Callaghan,3663
O'Connell,3665
Octavien,3667
October,3668
Odom,3670
O'Donnell,3671
O'Dowd,3672
Odrick,3673
O'Dwyer,3675
Ofenheusle,3676
Office,3677
Offord,3678
Ofodile,3679
Ogbogu,3680
Ogbonnaya,3681
Ogbu,3682
Ogden,3684
Ogle,3686
Oglesby,3687
Ogletree,3688
Ogunleye,3690
Ohalete,3691
O'Hara,3692
Oher,3693
Ohrnberger,3694
Ojinnaka,3695
Ojomo,3696
Okam,3697
Okanlawon,3698
Okafor,3699
Okeafor,3699
Okoye,3700
Okpokowuruk,3701
Okung,3702
Okwo,3703
Oldenburg,3706
Oldham,3707
O'Leary,3708
Olivea,3713
Oliver,3715
Olsen,3717
Olshansky,3718
Olson,3719
Omiyale,3720
Omon,3721
Onatolu,3723
O'Neal,3724
O'Neil,3725
O'Neill,3726
Onobun,3728
Oordt,3730
Orakpo,3731
Orlovsky,3736
Ornstein,3737
Orr,3739
Ortega,3740
Orton,3741
Osborne,3742
Osemele,3744
Osgood,3745
Oshinowo,3746
Osika,3748
Ostergaard,3750
Ostrowski,3751
O'Sullivan,3752
Osweiler,3753
Otah,3754
Otis,3755
Ottis,3755
Otto,3756
Overbay,3758
Overhauser,3759
Overstreet,3760
Overton,3761
Owens,3762
Owusu,3763
Owusu-Ansah,3764
Ozougwu,3767
P,3768
Pace,3769
Paea,3770
Page,3772
Pagel,3773
Paige,3774
Paige-Moss,3775
Painter,3776
Pakulak,3778
Palelei,3780
Palepoi,3781
Palko,3782
Palmer,3783
Panos,3785
Pape,3788
Parker,3790
Parks,3791
Parmalee,3792
Parmele,3793
Parmer,3794
Parnell,3795
Parquet,3798
Parrella,3800
Parrish,3802
Parry,3803
Parson,3804
Parsons,3805
Paschal,3808
Pascoe,3809
Pashos,3810
Patchett,3812
Pathon,3813
Patmon,3814
Patrick,3815
Patten,3817
Patterson,3818
Patton,3820
Paul,3821
Paulescu,3822
Paulk,3823
Paulsen,3824
Paulson,3825
Paup,3826
Pawelek,3827
Paxson,3828
Paxton,3829
Paymah,3830
Payne,3831
Paysinger,3832
Payton,3833
Pead,3835
Pearcy,3840
Pearman,3842
Pears,3843
Pearson,3844
Peck,3845
Pederson,3846
Peek,3847
Peelle,3848
Peerman,3850
Peete,3851
Pegues,3852
Peko,3854
Peko Sr,3854
Pelfrey,3855
Pellerin,3856
Pelshak,3859
Pemberton,3860
Pendleton,3862
Penn,3863
Pennington,3864
Peppers,3866
Peprah,3867
Perkins,3869
Perrilloux,3870
Perry,3871
Person,3872
Pestock,3873
Peter,3874
Peterman,3875
Peters,3876
Peterson,3877
Petitgout,3878
Petrowski,3880
Petrus,3881
Pettigrew,3883
Pettis,3885
Pettrey,3886
Pettway,3887
Petty,3888
Phenix,3891
Phifer,3892
Philip,3893
Phillips,3895
Philyaw,3896
Phinisee,3897
Pianalto,3898
Pickens,3900
Pickett,3901
Pidgeon,3902
Pierce,3903
Pierre-Paul,3907
Pierson,3909
Pike,3911
Pilares,3912
Pile,3913
Pilgrim,3914
Pimentel,3915
Pinkney,3918
Pinkston,3919
Pinner,3920
Pinnock,3921
Pino,3922
Pippens,3924
Piscitelli,3925
Pitcock,3926
Pitoitua,3927
Pitta,3929
Pittman,3930
Pitts,3931
Plackemeier,3933
Pleasant,3937
Plummer,3938
Pochman,3939
Pociask,3940
Podlesh,3941
Poe,3942
Poindexter,3945
Pointer,3946
Polamalu,3947
Poli-Dixon,3948
Polite,3949
Polk,3950
Pollack,3951
Pollak,3952
Pollard,3953
Polley,3954
Polumbus,3955
Ponder,3958
Pontbriand,3960
Pool,3962
Poole,3963
Pope,3964
Poppinga,3965
Porcher,3966
Porter,3968
Portilla,3969
Portis,3970
Posey,3972
Posluszny,3973
Poteat,3975
Potter,3978
Pouha,3980
Poujade,3981
Pouncey,3982
Pounds,3984
Pourdanesh,3985
Powe,3986
Powell,3987
Powers,3989
Powlus,3990
Prall,3991
Prater,3992
Prather,3993
Prefontaine,3995
Prentice,3997
Presley,3998
Pressley,3999
Preston,4000
Price,4002
Pringley,4005
Printers,4006
Prioleau,4007
Pritchard,4008
Pritchett,4009
Procell,4010
Procter,4011
Proehl,4012
Prosinski,4015
Provost,4016
Pruce,4017
Prude,4018
Pruitt,4020
Pryce,4022
Pryor,4023
Pryor Sr,4023
Pryor III,4023
Pugh,4025
Purcell,4027
Purdum,4029
Purnell,4030
Purvis,4031
Putzier,4032
Pyatt,4033
Pyne,4034
Quaccia,4036
Quarles,4038
Quarless,4038
Quarshie,4040
Quick,4042
Quin,4045
Quinn,4045
Rabach,4046
Rabb,4048
Rabe,4049
Rachal,4050
Rackers,4051
Rackley,4052
Rader,4054
Radovich,4056
Radway,4057
Rafferty,4058
Ragland,4059
Rainer,4061
Rainey,4062
Rainey Jr,4062
Raiola,4064
Raji,4065
Rambo,4067
Ramirez,4069
Ramsey,4071
Randall,4074
Randle,4076
Rankin,4079
Ransom,4080
Rasby,4083
Rasheed,4084
Rasmussen,4085
Rathman,4086
Ratliff,4087
Rattay,4089
Ravitz,4091
Ray,4092
Rayburn,4093
Raymer,4094
Raymond,4095
Rayner,4096
Reagor,4102
Rector,4105
Redd,4106
Reddick,4107
Redding,4108
Redman,4109
Redmon,4110
Redmond,4111
Redziniak,4112
Reece,4113
Reed,4114
Reese,4117
Reeves,4119
Regis,4121
Rehberg,4124
Reid,4125
Reiff,4126
Reilly,4127
Reinhart,4129
Reis,4130
Reisner,4131
Reitz,4132
Renes,4135
Renkart,4137
Retkofsky,4140
Reuber,4141
Reuland,4142
Revis,4145
Rey,4146
Reyes,4147
Reynaud,4149
Reynolds,4150
Rheem,4152
Rhett,4153
Rhinehart,4154
Rhodes,4155
Ricard,4156
Rice,4157
Rich,4158
Richard,4159
Richards,4160
Richardson,4161
Richardson Jr,4161
Richart,4162
Richey,4164
Richie,4165
Richmond,4166
Ricks,4168
Riddick,4171
Riddle,4172
Rideau,4173
Ridgeway,4174
Ridley,4175
Riemersma,4176
Riley,4179
Rimpf,4180
Rinehart,4181
Ringer,4182
Rison,4185
Ritchie,4186
Ritzmann,4188
Rivera,4189
Rivers,4191
Roach,4192
Roaf,4193
Roan,4194
Robbins,4197
Roberg,4198
Roberson,4199
Roberts,4200
Robertson,4201
Robinson,4204
Robiskie,4205
Robison,4206
Roby,4209
Rocca,4210
Rodd,4212
Rodenhauser,4213
Rodgers,4214
Rodgers-Cromartie,4215
Rodriguez,4216
Roehl,4217
Roethlisberger,4218
Rogers,4219
Roland,4221
Rolle,4224
Roman,4225
Romanowski,4227
Romberg,4228
Romero,4232
Romeus,4233
Romo,4234
Rone,4236
Roos,4237
Roosevelt,4238
Roper,4239
Roque,4240
Rosario,4241
Rose,4242
Rose III,4242
Rosenfels,4244
Ross,4245
Rossum,4247
Roth,4249
Rouen,4253
Roundtree,4254
Rountree,4254
Rouse,4255
Roussel,4256
Routt,4258
Rowe,4259
Roy,4261
Royal,4262
Royals,4263
Roye,4264
Royster,4265
Rubin,4268
Rubio,4269
Rucci,4270
Rucker,4271
Rudd,4272
Ruddy,4273
Rudolph,4274
Ruegamer,4275
Ruff,4277
Ruffin,4278
Ruhman,4280
Rumph,4282
Runyan,4284
Rushing,4286
Russ,4287
Russell,4288
Rutherford,4289
Rutland,4290
Rutledge,4291
Ruud,4292
Ryan,4293
Ryans,4294
Sabri,4296
Saddler-McQueen,4298
Saffold,4301
Saffold III,4301
Saine,4303
Salaam,4306
Salas,4307
Salave'a,4308
Saleh,4309
Salley,4311
Sam,4312
Sampson,4313
Sampy,4314
Sams,4315
Samuda,4316
Samuel,4317
Samuels,4318
Sanborn,4319
Sanchez,4320
Sander,4322
Sanders,4323
Sanderson,4324
Sandidge,4325
Sands,4327
Sandy,4328
Sanford,4329
Santi,4332
Santiago,4333
Santucci,4335
Sanu,4336
Sanu Sr,4336
Sanzenbacher,4337
Sape,4338
Sapp,4341
Sartin,4346
Sash,4347
Satele,4348
Saturday,4349
Sauer,4350
Sauerbrun,4351
Saulsberry,4352
Saunders,4353
Sauter,4354
Savage,4355
Sawyer,4357
Sayers,4359
Scaccia,4360
Scafe,4361
Scaife,4362
Scandrick,4364
Scantlebury,4365
Schable,4370
Schackleford,4371
Schaefering,4372
Schaffer,4373
Scharff,4374
Schau,4375
Schaub,4376
Scheffler,4377
Schifino,4382
Schilens,4383
Schilling,4384
Schillinger,4385
Schlauderaff,4386
Schlegel,4387
Schlereth,4388
Schlesinger,4389
Schlueter,4390
Schmidt,4393
Schmitt,4393
Schneck,4394
Schobel,4397
Schofield,4399
Schommer,4401
Schouman,4402
Schroeder,4405
Schuening,4406
Schulters,4408
Schulz,4409
Schwartz,4412
Schweigert,4413
Schwenke,4414
Scifres,4416
Scioli,4417
Sciullo,4418
Scobee,4419
Scott,4420
Scroggins,4421
Scruggs,4422
Scukanec,4423
Searcy,4425
Sears,4426
Seau,4428
Seaverns,4430
Seawright,4432
Seder,4435
Sehorn,4437
Seidman,4439
Seigler,4441
Sellers,4443
Selvie,4446
Semple,4447
Sendejo,4449
Sendlein,4450
Senn,4452
Sensabaugh,4453
Sepulveda,4454
Serwanga,4457
Session,4458
Setterstrom,4460
Seubert,4462
Seward,4464
Sewell,4465
Seymour,4467
Shabazz,4469
Shade,4471
Shaffer,4472
Shanle,4473
Sharon,4475
Sharp,4476
Sharpe,4477
Sharper,4478
Sharpton,4479
Shaughnessy,4480
Shaw,4482
Shazor,4484
Shea,4485
Shead,4486
Sheard,4487
Sheets,4492
Sheffield,4493
Shehee,4494
Shelby,4495
Sheldon,4496
Shelton,4500
Shepard,4502
Shepherd,4503
Sheppard,4503
Sherels,4504
Sherman,4505
Sherrell,4506
Sherrod,4507
Sherry,4508
Shiancoe,4510
Shields,4511
Shipley,4514
Shipp,4516
Shirley,4517
Shivers,4518
Shoate,4519
Shockey,4520
Shockley,4521
Shor,4523
Short,4524
Shorts,4527
Shotwell,4528
Shropshire,4531
Shuler,4533
Siavii,4537
Sicko,4539
Sidbury,4540
Sidney,4541
Silatolu,4544
Siler,4546
Siliga,4547
Silva,4548
Silvers,4550
Silvestro,4551
Simmons,4554
Simms,4555
Sims,4555
Sims III,4555
Simon,4556
Simoneau,4557
Simonton,4558
Simpkins,4559
Simpson,4560
Sims-Walker,4561
Sinclair,4563
Singletary,4565
Sintim,4567
Sippio,4568
Siragusa,4569
Sirmon,4570
Sitton,4572
Skaggs,4574
Skelton,4575
Skool,4578
Skrine,4580
Skuta,4581
Slade,4582
Slate,4584
Slater,4585
Slaton,4586
Slaughter,4587
Slauson,4588
Slechta,4590
Sloan,4591
Slowey,4592
Small,4593
Smart,4595
Smeenge,4596
Smelley,4597
Smiley,4599
Smith,4600
Smith II,4600
Smith III,4600
Smithson,4604
Smoker,4606
Smolko,4607
Smoot,4608
Snead,4610
Snead IV,4610
Snee,4612
Snell,4614
Snelling,4615
Snider,4616
Snow,4619
Snyder,4620
Sobieski,4621
Solano,4623
Solder,4624
Soliai,4626
Soliday,4627
Solomon,4628
So'oto,4631
Sopoaga,4632
Sorensen,4633
Sorgi,4634
Soriano,4635
Southerland,4638
Soward,4639
Sowell,4640
Sowells,4641
Spach,4642
Spaeth,4643
Spann,4645
Spanos,4646
Sparks,4647
Spearman,4649
Spears,4650
Speegle,4651
Spellman,4652
Spence,4653
Spencer,4654
Sperry,4655
Spicer,4657
Spidell,4658
Spievey,4659
Spikes,4660
Spiller,4661
Spillman,4662
Spires,4663
Spitler,4665
Spitz,4666
Spoon,4669
Spragan,4670
Spriggs,4673
Springs,4674
Sproles,4676
Spurlock,4678
St.,4681
St.Pierre,4686
Staat,4687
Stablein,4688
Stachelski,4689
Stackhouse,4690
Stafford,4692
Stai,4694
Staley,4695
Stallings,4696
Stallworth,4697
Stamer,4698
Stanback,4699
Standeford,4701
Stanford,4702
Stanley,4703
Stanton,4705
Stanzi,4706
Stapleton,4707
Starkey,4709
Starks,4710
Starling,4711
Staymates,4716
Stecker,4718
Steed,4720
Steele,4721
Steinbach,4724
Steinkuhler,4725
Steitz,4726
Steltz,4727
Stemke,4728
Stenstrom,4730
Stepanovich,4731
Stephens,4732
Stevens,4732
Stephens-Howling,4733
Stephenson,4734
Stepnoski,4735
Stevenson,4737
Stewart,4739
Stewart Jr,4739
Still,4741
Stills,4742
Stimson,4744
Stinchcomb,4745
Stingily,4746
Stith,4748
Stitser,4749
Stocker,4750
Stocz,4752
Stoerner,4753
Stokes,4755
Stokley,4756
Stone,4757
Storer,4759
Storz,4762
Stoutmire,4764
Stovall,4765
Stover,4766
Stoyanovich,4768
Strahan,4769
Strait,4770
Stratton,4771
Streater,4773
Streeter,4774
Streets,4775
Strickland,4777
Strief,4778
Stringer,4779
Strojny,4782
Strong,4783
Stroud,4785
Stroughter,4786
Stryzinski,4787
Strzelczyk,4787
Stubblefield,4789
Stuber,4790
Stuckey,4791
Studdard,4792
Studebaker,4793
Stupar,4797
Sturdivant,4798
Sturgeon,4799
Stutz,4800
Stuvaints,4801
Styles,4803
Succop,4805
Suggs,4806
Suh,4807
Suisham,4808
Sulak,4809
Sulfsted,4810
Sullivan,4811
Summers,4813
Sundberg,4814
Supernaw,4815
Surrency,4817
Surtain,4818
Sutherland,4819
Suttle,4820
Sutton,4821
Svitek,4823
Swain,4824
Swancutt,4825
Swann,4826
Swayne,4828
Sweed,4830
Sweezy,4832
Swenson,4833
Swift,4834
Swilling,4836
Swiney,4838
Swinger,4839
Swinton,4840
Swope,4842
Sword,4843
Sykes,4845
Sylvan,4846
Sylvester,4848
Symonette,4849
Sypniewski,4850
Syptak,4851
Syvrud,4852
Szalay,4853
Szott,4855
Ta'amu,4857
Tafisi,4860
Tafoya,4861
Tahi,4862
Tait,4865
Talavou,4869
Talib,4872
Talley,4873
Talton,4874
Tamm,4875
Tamme,4876
Tandy,4877
Tanico,4879
Tannehill,4881
Tanner,4882
Tant,4884
Tapeh,4885
Taplin-Ross,4887
Tapp,4888
Tarpinian,4892
Tarrant,4894
Tasker,4900
Tate,4901
Tate III,4901
Tatum,4902
Tatupu,4903
Ta'ufo'ou,4906
Tauscher,4910
Taylor,4913
Taylor Sr,4913
Teague,4915
Teal,4916
Tebow,4917
Teel,4918
Teggart,4919
Tennant,4923
Te'o-Nesheim,4926
Tepper,4927
Tercero,4928
Terra,4929
Terrell,4930
Terrill,4931
Terry,4932
Testaverde,4933
Tevaseu,4936
Tharpe,4938
Thelwell,4940
Thibodeaux,4941
Thierry,4943
Thigpen,4944
Thomas,4945
Thomas III,4945
Thomason,4946
Thompson,4947
Thorn,4948
Thornhill,4949
Thornton,4950
Thorpe,4951
Thrash,4952
Thurman,4954
Thurmond,4955
Tiffin,4957
Tiller,4959
Tillman,4960
Timmerman,4963
Timmons,4964
Tinoisamoa,4966
Tobeck,4971
Todd,4973
Todman,4974
Toeaina,4975
Toefield,4976
Togafau,4977
Tolbert,4978
Toler,4979
Toliver,4980
Tollefson,4981
Tolliver,4982
Tolver,4983
Tolzien,4984
Tomczak,4986
Tomich,4987
Tomlinson,4989
Tonga,4990
Tongue,4991
Toomer,4992
Toon,4993
Toone,4993
Torain,4996
Torbor,4997
Toribio,4998
Torrence,4999
Toston,5001
Toudouze,5002
Tovar,5003
Toviessi,5004
Towns,5005
Townsel,5006
Townsend,5007
Tracy,5008
Trahan,5010
Trannon,5012
Trapasso,5013
Trapp,5014
Trattou,5015
Trautwein,5016
Traylor,5018
Traynor,5019
Trejo,5021
Trent,5022
Trevathan,5023
Tribble,5024
Triplett,5029
Tripp,5030
Tripplett,5032
Trotter,5034
Troup,5035
Troupe,5036
Trout,5037
Troutman,5038
Trucks,5039
Trueblood,5040
Trufant,5042
Truluck,5043
Trusnik,5044
Trusty,5046
Tryon,5047
Tuaolo,5048
Tubbs,5049
Tuck,5050
Tucker,5051
Tufts,5053
Tuggle,5054
Tuiasosopo,5055
Tuihalamaka,5057
Tuimaunei,5059
Tuipala,5060
Tuitele,5061
Tukuafu,5062
Tulloch,5064
Tuman,5065
Tupa,5066
Tupou,5067
Turbin,5069
Turenne,5070
Turk,5071
Turnbull,5072
Turner,5073
Tuten,5075
Tuthill,5076
Tutt,5077
Tyler,5081
Tylski,5082
Tynes,5083
Tyree,5084
Tyson,5086
Udeze,5087
Ugoh,5090
Ulbrich,5093
Ulmer,5095
Ulrich,5096
Umenyiora,5098
Unck,5099
Underwood,5100
Unertl,5101
Unga,5102
Unger,5103
Unrein,5104
Upshaw,5107
Urban,5108
Urbik,5109
Urlacher,5110
Urrutia,5111
Utecht,5112
Uwaezuoke,5115
Vakapuna,5118
Valdez,5119
Vallejo,5121
Vallos,5124
Van,5126
Vance,5129
Vanden,5130
Vanderjagt,5131
Vandermade,5132
Vandervelde,5133
Vanover,5135
Vasher,5138
Vasquez,5139
Vaughan,5140
Vaughn,5141
Veal,5145
Veikune,5147
Velasco,5148
Veldheer,5149
Veldman,5150
Venable,5151
Ventrone,5153
Verdon,5156
Verdun,5158
Vereen,5159
Vermiglio,5161
Verner,5162
Vernon,5163
Vick,5165
Vickers,5166
Vickerson,5167
Victorian,5169
Vierling,5170
Villarreal,5172
Villarrial,5173
Vilma,5174
Vinatieri,5176
Vincent,5177
Vines,5178
Vinnett,5179
Vinson,5181
Vittatoe,5184
Vlachos,5187
Vobora,5188
Volek,5190
Volk,5191
Vollers,5192
Vollmer,5193
von,5194
Vrabel,5196
Waddell,5197
Waddy,5198
Wade,5199
Wadsworth,5200
Wagner,5201
Wahle,5202
Wahlroos,5203
Wake,5207
Wakefield,5209
Walden,5210
Walker,5212
Walker Jr,5212
Wall,5213
Wallace,5214
Walls,5217
Walsh,5218
Walter,5219
Walters,5220
Walton,5221
Walton Jr,5221
Walz,5222
Wand,5223
Wang,5224
Wansley,5225
Ward,5226
Ware,5227
Warfield,5228
Warner,5230
Warren,5231
Warren III,5231
Warrick,5232
Washington,5234
Waters,5238
Watkins,5239
Watson,5240
Watt,5241
Watters,5242
Watton,5243
Watts,5244
Wayne,5248
Weary,5250
Weatherford,5251
Weatherington,5252
Weathers,5253
Weathersby,5254
Weatherspoon,5255
Weaver,5256
Webb,5257
Webb III,5257
Webb II,5257
Webber,5258
Weber,5258
Webster,5259
Wedderburn,5260
Weddle,5261
Weeden,5262
Weeks,5263
Weems,5264
Weiner,5268
Welbourn,5272
Welch,5273
Welsh,5273
Weldon,5274
Welker,5275
Wells,5276
Wendell,5278
Wendling,5279
Werner,5282
Wesley,5284
West,5287
Westbrook,5288
Westerman,5289
Westmoreland,5290
Weston,5291
Wetnight,5293
Whalen,5295
Wharton,5296
Wheatley,5299
Wheeler,5300
Whigham,5302
Whimper,5303
Whitaker,5306
Whittaker,5306
White,5307
Whitehead,5308
Whitehurst,5309
Whiteside,5310
Whitfield,5311
Whiting,5312
Whitley,5313
Whitner,5316
Whitted,5318
Whitticker,5319
Whittington,5320
Whittle,5321
Whitworth,5322
Widmer,5324
Wiegert,5326
Wiegmann,5327
Wiggins,5328
Wilber,5329
Wilbur,5330
Wilcox,5331
Wilds,5334
Wiley,5336
Wilford,5337
Wilfork,5338
Wilhelm,5339
Wilhite,5340
Wilkerson,5342
Wilkins,5343
Wilkinson,5344
Williams,5346
Williamson,5347
Willig,5348
Willis,5349
Willy,5352
Willson,5353
Wilson,5353
Wilson Sr,5353
Wilson Jr,5353
Wimbley,5354
Winborn,5355
Windsor,5358
Windt,5359
Winey,5360
Winfield,5361
Winkler,5363
Winn,5364
Winslow,5365
Winston,5366
Winters,5368
Winterswyk,5369
Wire,5371
Wishom,5373
Wisne,5374
Wisniewski,5375
Wistrom,5376
Witherspoon,5377
Withrow,5378
Witman,5379
Witt,5380
Witten,5382
Wofford,5383
Wohlabaugh,5384
Wolfe,5387
Wolff,5387
Wolff IV,5387
Wolf,5387
Wolfert,5388
Womack,5389
Wong,5390
Wood,5392
Woodall,5393
Woodard,5394
Woodbury,5395
Wooden,5396
Woodfin,5398
Woodhead,5399
Woodley,5401
Woods,5402
Woodson,5403
Woody,5404
Woodyard,5405
Woolfolk,5406
Wooten,5407
Wootton,5408
Word,5409
Worilds,5410
Worrell,5412
Worsley,5413
Wortham,5414
Worthen,5415
Worthington,5416
Worthy,5417
Wragge,5420
Wrighster,5422
Wright,5423
Wright III,5423
Wroten,5424
Wrotto,5425
Wuerffel,5426
Wunsch,5427
Wusu,5428
Wyatt,5429
Wyche,5430
Wycheck,5431
Wylie,5432
Wyms,5433
Wynn,5434
Wyrick,5437
Yamini,5438
Yancy,5440
Yanda,5441
Yates,5446
Yeast,5450
Yeatman,5451
Yelk,5452
Yoder,5454
You,5456
Youboty,5457
Young,5458
Youngblood,5459
Yount,5460
Yovanovits,5462
Yusaf,5463
Zahursky,5466
Zastudil,5469
Zbikowski,5470
Zedalis,5471
Zeigler,5473
Zeitler,5474
Zelenka,5475
Zellner,5477
Zemaitis,5478
Zereoue,5479
Zgonina,5481
Ziemann,5482
Ziemba,5483
Zimmons,5486
Zinger,5487
Zitelli,5488
Zolak,5490
Zolman,5491
Zombo,5492
Zuerlein,5494
Zukauskas,5495
Zusevics,5497
Zuttah,5498
Nassib,5500
Glennon,5501
Dysert,5502
Renfree,5503
Gillislee,5507
Barner,5508
Burkhead,5509
Stacy,5510
Maysonet,5512
McCalebb,5513
Michael,5516
Bohanon,5518
Wheaton,5519
Mellette,5522
Eifert,5530
Escobar,5531
Ertz,5532
Fauria,5534
Kasa,5535
Toilolo,5536
Otten,5539
Fluker,5542
Aboushi,5543
Quessenberry,5544
Hawkinson,5545
Fragel,5550
Warmack,5553
Warford,5554
Kugbila,5561
Tretter,5564
Ansah,5570
Carradine,5571
Mingo,5572
Maponga,5574
Maponga Sr,5574
Lotulelei,5577
Alonso,5582
Beauharnais,5585
Mauti,5589
Holloman,5591
Te'o,5593
Amerson,5594
Slay,5595
Slay Jr,5595
Poyer,5596
Gratz,5597
Wreh-Wilson,5599
Commings,5600
Mathieu,5601
Hyde,5603
Vaccaro,5608
Cyprien,5609
Swearinger,5610
Meeks,5614
Motta,5616
Sturgis,5618
Acosta,5619
Adeniji,5620
Ajala,5621
Alli,5622
Azur,5623
Bautista,5624
Boenzi,5625
Cabrera,5626
Casas,5627
Delgado,5628
Espinosa,5629
Fatu,5630
Fernandez,5631
Gomez,5632
Huerta,5633
Jose,5634
Kanuch,5635
Machiela,5636
Mapa,5637
Maramarosa,5638
Obregon,5639
Ogbonna,5640
Okuyemi,5641
Perez,5642
Puamau,5643
Taufa,5644
Topa,5645
Torres,5646
Umana,5647
Umodu,5648
Vazquez,5649
Vega,5650
Netter,5651
Thompkins,5652
Sudfeld,5653
Juszczyk,5654
Tanney,5655
Keyton,5656
Aaitui,5657
Dowtin,5658
Van Roten,5659
Schiller,5660
Lamur,5661
Wedige,5662
Olawale,5663
Tyms,5664
Rau,5665
Harkey,5666
Masifilo,5667
DiMarco,5668
Pasztor,5669
Willie,5670
Wilhoite,5671
Watford,5672
Dial,5673
Conheeney,5674
Sentef,5675
Blanchard,5676
Lanning,5677
Chibane,5678
Cave,5679
Remmers,5680
Kush,5681
Savoie,5682
Zimmer,5683
Finau,5684
Popek,5685
Messina,5686
Barrington,5687
Steeples,5688
Lewis-Moore,5689
Banyard,5690
Baca,5691
Tuel,5692
Berger,5693
Shugarts,5693
Amaro,5694
Archer,5695
Attaochu,5696
Barr,5697
Bitonio,5698
Borland,5699
Bortles,5700
Breeland,5701
Bridgewater,5702
Cooks,5703
Desir,5704
Donald,5705
Fales,5706
Fiedorowicz,5707
Garoppolo,5708
Grice,5709
Hageman,5710
Kouandjio,5711
Manziel,5712
McCarron,5713
McCullers,5714
Mettenberger,5715
Mewhort,5716
Moncrief,5717
Niklas,5718
Richburg,5719
Seastrunk,5720
Seferian-Jenkins,5721
Su'a-Filo,5722
Swanson,5723
Tuitt,5724
Van Noy,5725
Yankey,5726
Worrilow,5727
DiManche,5728
Sankey,5729
Gilkey,5730
Aubrey,5731
Catapano,5732
Bartu,5733
McDermott,5734
Lewan,5735
Tinker,5736
Bodine,5737
Bonani,5738
Clinton-Dix,5739
Ebron,5740
Herman,5741
Crichton,5742
Shazier,5743
Spadola,5744
Vellano,5745
McGloin,5746
Southward,5747
Verrett,5748
Trawick,5749
Moye,5750
Line,5751
Bouye,5752
Hazel,5753
Melvin,5754
McDougald,5755
Rayford,5756
Tobin,5757
Square,5758
Knott,5759
Schraeder,5760
Donnell,5761
Waddle,5762
Banjo,5763
Mulumba,5764
Gumbs,5765
Lelito,5766
Sweeting,5767
Mayowa,5768
Mooney,5769
Folkerts,5770
Hauptmann,5771
Lewis-Harris,5772
Omameh,5773
Kovacs,5774
Mady,5775
Becton,5776
Wingo,5777
Dye,5778
Brenner,5779
McNary,5780
Pantale,5781
Glaud,5782
Kupper,5783
Adongo,5784
Veltung,5785
Nowak,5786
Lenz,5787
Abbrederis,5788
Acker,5789
Agholor,5790
Aikens,5791
Ajayi,5792
Amos,5793
Ankrah,5794
Annen,5795
Arnfelt,5796
Artis-Payne,5797
Atkinson,5798
Ballentine,5799
Bayer,5800
Benwikere,5801
Berhe,5802
Bersin,5803
Bibbs,5804
Blackson,5805
Blanchflower,5806
Boffeli,5807
Bolser,5808
Boswell,5809
Bowanko,5810
Boyle,5811
Brate,5812
Breckner,5813
Bridge,5814
Bullough,5815
Burse,5816
Byndom,5817
Campanaro,5818
Cann,5819
Carden,5820
Cardona,5821
Carrethers,5822
Carrie,5823
Catanzaro,5824
Chickillo,5825
Clear,5826
Clemmings,5827
Cleveland,5828
Cockrell,5829
Coons,5830
Cornick,5831
Couplin,5832
Coyle,5833
Darkwa,5834
Debose,5835
Demens,5836
DePaola,5837
Derby,5838
Devey,5839
Dimke,5840
Dismukes,5841
Donnal,5842
Dressler,5843
Dubose,5844
Dupree,5845
Dupre,5845
Duvernay-Tardif,5846
Edebali,5847
Ekpre-Olomu,5848
Enemkpali,5849
Enunwa,5850
Exum,5851
Fabuluje,5852
Fajardo,5853
Farrell,5854
Fatinikun,5855
Fede,5856
Feliciano,5857
Fenner,5858
Ferentz,5859
Filimoeatu,5860
Finney,5861
Flanders,5862
Foucault,5863
Funchess,5864
Gallon,5865
Garland,5866
Gaydosh,5867
Glanton,5868
Glowinski,5869
Goldman,5870
Golson,5871
Goodley,5872
Graf,5873
Grasu,5874
Grayson,5875
Green-Beckham,5876
Greenberry,5877
Grissom,5878
Groy,5879
Gunter,5880
Halapio,5881
Hammond,5882
Hardison,5883
Harold,5884
Hartson,5885
Havenstein,5886
Heeney,5887
Heinicke,5888
Helfet,5889
Hepburn,5890
Heuerman,5891
Hitchens,5892
Hocker,5893
Holliman,5894
Hooey,5895
Hoskins,5896
Humphries,5897
Hundley,5898
Hurns,5899
Inman,5900
Janis,5901
Jeffcoat,5902
John,5903
Kay,5904
Kennard,5905
Kerr,5906
Kikaha,5907
Kilgo,5908
Kirksey,5909
Koyack,5910
Kroft,5911
Ladler,5912
Lapuaho,5913
Leno,5914
Leno Jr,5914
Leonhardt,5915
Liaina,5916
Linder,5917
Linsley,5918
Lippett,5919
Lobato,5920
Loston,5921
Louis-Jean,5922
Lovelocke,5923
Luckett,5924
Lutman,5925
Lyerla,5926
Mabin,5927
Mager,5928
Mannion,5929
Mariota,5930
Marpet,5931
Martino,5932
Matias,5933
Mauldin,5934
Mauldin IV,5934
Mauro,5935
Millard,5936
Moe,5937
Momah,5938
Muamba,5939
Mumphery,5940
Najvar,5941
Neighbors,5942
Norwell,5943
Nwachukwu,5944
Odighizuwa,5945
Ogbuehi,5946
Okoro,5947
Ola,5948
Opurum,5949
Orchard,5950
O'Shaughnessy,5951
Pagan,5952
Pamphile,5953
Paradis,5954
Parkey,5955
Peat,5956
Pennel,5957
Perillo,5958
Perriman,5959
Perryman,5960
Philon,5961
Pierre-Louis,5962
Pinion,5963
Poutasi,5964
Prosch,5965
Purifoy,5966
Rawls,5967
Reaser,5968
Renner,5969
Ripkowski,5970
Rollins,5971
Rooks,5972
Sambrailo,5973
Sample,5974
Santos,5975
Sasser,5976
Saxton,5977
Scherff,5978
Seamster,5979
Seisay,5980
Sermons,5981
Shatley,5982
Shembo,5983
Sifrin,5984
Simonson,5985
Skinner,5986
Smallwood,5987
Smelter,5988
Spaight,5989
Spear,5990
Spruill,5991
Staten,5992
Steen,5993
Stephen,5994
Stinson,5995
Stork,5996
Street,5997
Sunseri,5998
Swoope,5999
Taliaferro,6000
Tartt,6001
Tavecchio,6002
Telfer,6003
Thielen,6004
Tipton,6005
Tull,6006
Urschel,6007
Uzomah,6008
Valles,6009
Varga,6011
Virgil,6012
Walford,6013
Waller,6014
Way,6015
Waynes,6016
Wenning,6017
Wentworth,6018
Westbrooks,6019
Whitlock,6020
Wing,6021
Yeldon,6022
Zenner,6023
Zumwalt,6024
Agurs,6025
Albury,6026
Alden,6027
Ash,6028
Ashley,6029
Bars,6030
Blair,6031
Blair III,6031
Boatwright,6032
Bowles,6033
Burch,6034
Burrell,6035
Cates,6036
Childers,6037
Chisholm,6038
Coker,6039
Corbett,6040
Crisp,6041
Darman,6042
Diaz,6043
Donnelly,6044
Doolittle,6045
Doyle,6046
Easton,6047
Fender,6048
Ferrell,6049
Finch,6050
Galvin,6051
Gayton,6052
Glass,6053
Glears,6054
Hadley,6055
Hendrix,6056
Herrick,6057
Hurst,6058
Huval,6059
Ives,6060
Jeter,6061
Joe,6062
Johns,6063
Kenny,6064
Kitchens,6065
Lamb,6066
Landrum,6067
Lauderdale,6068
Lunsford,6069
Maggitt,6070
Mahone,6071
McClam,6072
McGhee,6073
McKay,6074
Meyer,6075
Milton,6076
Mosely,6077
Motes,6078
Mullins,6079
Murphey,6080
Myrick,6081
Narcisse,6082
Nealy,6083
Nunley,6084
Parham,6085
Phelps,6086
Phillip,6087
Prewitt,6088
Priester,6089
Reedy,6090
Reyna,6091
Riles,6092
Rock,6093
Rosemond,6094
Rowland,6095
Spain,6096
Stark,6097
Stead,6098
Steward,6099
Stumph,6100
Talbott,6101
Tarpley,6102
Trammell,6103
Travis,6104
Zachary,6105
Timu,6107
Meder,6109
Mostert,6110
Kessler,6111
Keyes,6114
Burwell,6115
Braverman,6116
Bosa,6117
Whitehair,6118
Kwiatkoski,6119
Munyer,6120
Prescott,6123
Vigil,6125
Core,6126
Fejedelem,6127
Carroo,6129
Mbu,6132
Skov,6133
Listenbee,6134
Driskel,6135
Tye,6136
LaCosse,6138
Armbrister,6139
Qvale,6140
Janovich,6141
Hackenberg,6142
Gotsis,6143
Rudock,6144
Erving,6147
Brissett,6148
Longacre,6149
Judon,6150
Doctson,6151
Eulls,6152
Prosise,6153
Ogbah,6154
Schobert,6155
Drango,6156
Ferris,6157
DeValve,6158
Sirles,6164
Treadwell,6165
Lamm,6166
Mancz,6167
Hargreaves III,6169
Aguayo,6170
Benenoch,6172
Vitale,6173
Callahan,6174
Scales,6176
Siemian,6177
Nkemdiche,6178
Boehm,6179
Toner,6180
Kreiter,6181
Hughlett,6182
Pierre,6183
Lambo,6184
Dzubnar,6185
Nunez-Roches,6186
Winchester,6187
Tuerk,6188
Kaser,6190
Nzeocha,6192
Swaim,6193
Showers,6194
McCalister,6196
Silberman,6197
Nicolas,6198
Ehinger,6199
Pullard III,6200
Sterling,6201
Good,6203
Blythe,6206
Haeg,6207
Ringo,6208
Lovato,6209
Hager,6210
Wichmann,6211
Trinca-Pasat,6212
Marquez,6213
Reiter,6214
Tapper,6216
Gwacham,6217
Witzmann,6218
Breaux,6219
Sokoli,6220
Tunsil,6222
Mihalik,6223
Duarte,6224
Villanueva,6225
Toussaint,6226
Mount,6227
Quigley,6229
Wentz,6230
Seumalo,6231
Vaitai,6232
Countess,6233
Cliett,6235
Vujnovich,6237
Ifedi,6238
Hooper,6240
Schweitzer,6241
Pratt,6245
Houston-Carson,6252
Garnett,6253
Theus,6254
Apple,6256
Addae,6257
Jack,6258
Ngakoue,6259
Dozier,6260
Peake,6261
Shell,6262
Glasgow,6263
Zettel,6264
Killebrew,6265
Marlowe,6267
Sandland,6268
Worley,6269
Bradberry,6270
Kline,6271
Valentine,6272
Thuney,6273
Grugier-Hill,6274
Karras,6275
Rhaney,6278
Feeney,6279
Higbee,6280
Canady,6282
Correa,6283
Cravens,6284
Ioannidis,6285
Kaufusi,6286
Burbridge,6287
Rankins,6288
Lasco,6289
Onyemata,6290
Pinkins,6291
Lawler,6292
Vannett,6293
Odhiambo,6294
Kindred,6295
Grimble,6296
Hargrave,6297
Matakevich,6298
Billings,6299
Conklin,6300
Dodd,6301
Byard,6302
Brothers,6304
Weatherly,6305
Beavers,6306
Boehringer,6307
Hal,6308
Fackrell,6309
Ervin,6310
Reader,6311
McGovern,6312
Gathers,6313
Reaves,6314
Ochi,6316
McRoberts,6319
Spruce,6321
Maye,6322
Cowser,6323
Neasman,6324
Thurber,6326
Elston,6327
Bercovici,6329
Kasitati,6330
Hansbrough,6332
Dora,6335
Longa,6338
Okwara,6343
Robertson-Harris,6344
Monday,6345
Holton,6346
Brice,6349
Krieger-Coble,6354
Woodrum,6355
Abdesmad,6356
Braunecker,6357
Canaday,6358
Chubb,6362
Farrow,6363
Stave,6365
Hillary,6366
Dorleant,6367
Pulley,6368
Friend,6369
Fairbairn,6372
Beathard,6375
McKissic,6376
Lampman,6377
Nembot,6379
Latham,6381
Vaeao,6383
Skura,6384
Brendel,6386
Cajuste,6387
Kamalu,6388
Malleck,6390
Madden,6391
Dangerfield,6393
Yarbrough,6395
Wujciak,6398
Shittu,6399
Milhouse,6400
McEvoy,6415
Redfern,6416
Palardy,6417
Scarlett,6418
Lutz,6419
Treggs,6421
Wick,6423
Littleton,6424
Lanier II,6425
Manhertz,6526
Crawley,6527
Wetzel,6528
Farley,6529
Wester,6531
Warmsley,6532
Fant,6534
Rush,6535
Fabiano,6537
Feiler,6539
Onwuasor,6540
Bausby,6541
Eagan,6542
Lengel,6543
Clausell,6544
Kerridge,6545
Bundy,6547
Ott,6548
Wile,6549
Balducci,6550
Hendy,6552
Liedtke,6553
Sterup,6554
Fournette,6555
Hooker,6556
Njoku,6557
Ramczyk,6558
Tabor,6559
Lamp,6560
McDowell,6561
Bolles,6562
Brantley,6563
Kamara,6564
Trubisky,6565
Kupp,6566
Melifonwu,6567
Butt,6568
Smith-Schuster,6569
Elflein,6570
Wise Jr,6571
Ogunjobi,6572
Shaheen,6573
Gallman Jr,6574
Eluemunor,6575
Kazee,6576
Qualls,6577
Wormley,6578
Awuzie,6579
Hikutini,6580
Kaaya,6581
Perine,6582
Vanderdoes,6583
Banner,6584
Mahomes II,6585
Moton,6586
Tankersley,6587
Tu'Ikolovatu,6588
Dayes,6589
Pocic,6590
Etta-Tawo,6591
Bisnowaty,6592
Carraway,6593
Darboh,6594
Kpassagnon,6595
Hollins,6598
Sprinkle,6599
Chesson,6600
Harvey-Clemons,6601
Pumphrey Jr,6602
Mama,6603
Kelsey Jr,6604
Rochell,6606
Dural,6607
Sickels,6608
Toth,6609
Hendrickson,6611
Gerry,6612
Seals-Jones,6613
Biegel,6614
Orndoff,6616
Elder,6617
Saubert,6618
Godchaux,6619
McNichols,6620
Switzer,6621
Moreau,6622
Stringfellow,6623
Kalis,6624
Skipper,6625
Senior,6629
Gennesy,6630
Jerome,6631
Stribling,6632
Tevi,6633
Brunskill,6634
Pyke,6635
Adeboyejo,6636
Levin,6637
Grace,6638
Holden,6639
Roullier,6640
Ugokwe,6641
Harlow,6642
Isidora,6643
Langi,6644
Milano,6645
Tom,6646
Dunker,6648
Leamon,6649
Taumoepenu,6650
Jarwin,6651
Ogunbowale,6652
Theaker,6653
Austell,6655
Bower,6656
Eligwe,6657
Pankey,6659
Braden,6660
Gedeon,6661
Luani,6663
Odenigbo,6664
Golladay,6668
Reeves-Maybin,6669
Ebukam,6671
Yancey,6672
McGuire,6673
Armah,6674
Ledbetter,6675
Amichia,6676
Holba,6677
McQuay III,6678
Ivie,6679
Butker,6680
Seaton,6681
Nunn,6681
Carrell,6682
O'Connor,6683
Schreck,6684
Rosas,6685
Ortiz,6690
Kemp,6722
Kirk,6723
Nichols,6732
Schultz,6744
Cantrell,6761
Gentry,6771
Jarvis,6777
Whitney,6791
Vogel,6795
Kittle,6796
Conque,6797
Virgin,6798
Lunt,6799
Kidder,6800
McCaskill,6801
Boykins,6802
Towbridge,6803
Torgersen,6804
Renew,6805
Maulet,6806
Tautu,6807
Kallon,6808
Mizzell,6810
Hennessy,6811
Penton,6813
Sayles,6814
Zamora,6815
Cioffi,6816
Casher,6817
Leff,6818
Mauger,6819
Crossan,6820
Natson,6821
Breida,6822
Haack,6824
Koo,6825
Auclair,6827
Penny,6828
Culkin,6829
Ekeler,6830
Bourne,6831
Magnuson,6832
Munson,6833
Ankou,6834
Poehls,6835
Pelon,6836
Valoaga,6837
Croston,6838
Hollister,6839
Hatfield,6840
Neary,6841
Catalina,6842
Loewen,6843
Woodson-Luster,6844
Onwualu,6845
Nacua,6846
Bello,6847
Bighill,6848
Sloter,6849
Pascal,6850
Marz,6851
Leslie,6852
Hardee,6853
Pipkins,6854
Capi,6856
Deayon,6857
Borders,6858
Garcia-Williams,6859
Shakir,6860
Mundt,6862
Pinkard,6863
Agudosi,6864
Vander Laan,6865
Milligan,6866
President,6867
Rios,6869
Malveaux,6870
Coward,6871
Judd,6872
Boyko,6874
Ficken,6876
Hatley,6877
Fullington,6878
Ateman,6879
Darnold,6880
Gallup,6881
Guice,6882
Okorafor,6884
Okoronkwo,6885
Ragnow,6886
Rosen,6887
Vea,6888
McGlinchey,6889
Mayfield,6890
Settle,6891
Michel,6892
Goedert,6893
Nnadi,6894
Vander Esch,6895
Stroman,6896
Ejiofor,6897
Nwosu,6898
Blanding,6899
Ballage,6900
Speaks,6901
Gaulden,6902
Noteboom,6903
Cabinda,6904
Gesicki,6905
Wadley,6906
Teller,6907
Mata'afa,6908
Wims,6909
Lasley,6910
Senat,6911
Hearn,6912
Woodside,6913
Yiadom,6916
Jewell,6917
Averett,6918
Fitts,6922
Chark,6923
Turay,6924
Sweat,6925
Lazard,6926
Lauletta,6927
St. Brown,6928
Gossett,6931
Iyiegbuniwe,6932
Jamerson,6934
Coutee,6935
Smythe,6936
Scarbrough,6937
Fatukasi,6938
Cappa,6939
Cichy,6941
Wicker,6942
Aruna,6943
Kalambayi,6945
Falk,6946
Ostman,6947
Uhatafe,6949
Facyson,6951
Valdes-Scantling,6952
Winbush,6953
Apke,6954
Badgley,6955
Benkert,6956
Berrios,6957
Carew,6958
Delaney,6960
DeLuca,6961
Demby,6962
Dissly,6963
Dooley,6964
Ernsberger,6965
Etling,6966
Jones-Smith,6968
Parris,6970
Shimonek,6972
Tripucka,6974
Bawden,6975
Igwebuike,6976
Ratley,6977
Oluokun,6978
McGough,6979
Poling,6980
Mailata,6981
Sieler,6982
Crossen,6983
Donnerson,6984
Fumagalli,6985
Boddy-Calhoun,6986
O'Daniel,6988
March-Lillard,6989
O'Malley,6990
Duke,6991
Victor,6992
Joseph-Day,6993
Franklin-Myers,6994
Eldrenkamp,6995
Robey-Coleman,6996
Hooks,6997
Cruikshank,6998
Tocho,6999
Rotimi,7001
Koroma,7002
Hilland,7003
Hassenauer,7004
Durr,7006
Moseley,7008
Meander,7012
Djeri,7015
Cheridor,7016
Sheehy,7017
Liner,7020
Chavis,7021
Boyette Jr,7022
Obasuyi,7023
Laulile,7024
Hector,7025
Tuioti-Mariner,7026
Lancaster,7027
Cothren,7029
Cothran,7029
Wellman,7035
Lammons,7037
Shepley,7041
Gardeck,7050
Oplinger,7053
Niemann,7054
Ossai,7055
Martini,7059
Officer,7065
Lauina,7068
Nwokeji,7073
Fleer,7074
Boettger,7075
Gono,7076
Bojorquez,7080
Vedvik,7081
Odum,7089
Queiro,7090
Steinmetz,7091
Vollert,7093
Beebe,7108
Zylstra,7109
Falah,7113
Exum Jr,7128
